run_id,model_name,train_subset_rows,val_subset_rows,batch_size,epochs_ran,best_epoch,best_val_contest_auc,last_val_contest_auc,best_val_loss,last_val_loss,best_val_precision_at_0_2,best_val_recall_at_0_2,epoch_start,epoch_end,run_tag,timestamp_utc,checkpoint_best_path,model_type,quick_run,train_rows_full_split,val_rows_full_split,num_classes,feature_bins,use_log_mel,last_loss,threshold_best,threshold_f1,threshold_eval_samples,training_time_seconds,num_workers,use_spectrogram_cache
20260530_1720,pytorch_birdclef,400,100,64,7,2,0.5254965178834494,0.5227662833144882,0.4931457042694092,0.2863862216472626,0.0072894168466522,0.7346938775510204,1,7,,2026-05-30T17:27:56+00:00,checkpoints/best_model_20260530_1720.pt,pytorch_birdclef,True,14230,3557,215,128,True,0.2547043817383902,0.3,0.0144356078326538,100.0,,,
20260530_1730,pytorch_birdclef,400,100,64,7,6,0.5236279445528292,0.5162982888144798,0.2898408621549606,0.2899554073810577,0.0106796116504854,0.4489795918367347,1,7,,2026-05-30T17:34:56+00:00,checkpoints/best_model_20260530_1730.pt,pytorch_birdclef,True,14230,3557,215,128,True,0.2600736277444022,0.1,0.0208629682313892,100.0,,,
20260530_1737,pytorch_birdclef,400,100,96,7,4,0.5297987204088278,0.5069853993163246,0.2715153098106384,0.2468025907874107,0.0075531354294747,0.5850340136054422,1,7,,2026-05-30T17:37:02.608222+00:00,checkpoints/best_model_20260530_1737.pt,pytorch_birdclef,True,14230,3557,215,128,True,0.2672776520252228,0.1,0.0149137258302263,100.0,255.5166211128235,,
20260530_2235,pytorch_birdclef,400,100,32,7,2,0.4845921736708362,0.4487917846618366,0.2503967359662056,0.2308271750807762,0.0210526315789473,0.0165289256198347,1,7,,2026-05-30T22:35:36.650605+00:00,checkpoints/best_model_20260530_2235.pt,pytorch_birdclef,True,14230,3557,215,128,True,0.2121502573673541,0.2,0.0185185185185185,95.0,170.9236879348755,,
20260530_2239,pytorch_birdclef,400,100,32,7,2,0.5258633200995654,0.5016132066907558,0.2411143109202385,0.2271414510905742,0.0105263157894736,0.0826446280991735,1,7,,2026-05-30T22:39:57.651745+00:00,checkpoints/best_model_20260530_2239.pt,pytorch_birdclef,True,14230,3557,215,128,True,0.2124670984653326,0.1,0.0186741363211951,95.0,168.46362018585205,,
20260530_2245,pytorch_birdclef,400,100,64,7,2,0.5403766991145071,0.4914195019233384,0.3660659193992615,0.2334655970335006,0.0092592592592592,0.0661157024793388,1,7,,2026-05-30T22:45:34.954851+00:00,checkpoints/best_model_20260530_2245.pt,pytorch_birdclef,True,14230,3557,215,128,True,0.2115999396358217,0.4,0.016243654822335,95.0,153.12 seconds,,
20260530_2250,pytorch_birdclef,14230,3557,32,10,10,0.5280005013497565,0.5280005013497565,0.2182607570929186,0.2182607570929186,0.0139834370939275,0.5795819935691319,1,10,,2026-05-30T22:50:02.882639+00:00,checkpoints/best_model_20260530_2250.pt,pytorch_birdclef,False,14230,3557,215,128,True,0.222360430741578,0.1,0.0273080200738566,1011.0,4455.90 seconds,,
20260531_0014,pytorch_birdclef,14230,3557,32,10,8,0.5242007056624358,0.5231701394561268,0.2181724506829466,0.217942111593272,0.0166798523206751,0.4067524115755627,1,10,,2026-05-31T00:14:58.553633+00:00,checkpoints/best_model_20260531_0014.pt,pytorch_birdclef,False,14230,3557,215,128,True,0.2220482176274396,0.1,0.0320455984800506,1011.0,4449.07 seconds,,
20260531_130332,pytorch_birdclef,14230,3557,32,10,10,0.7130875136787527,0.7130875136787527,0.2007069925644568,0.2007069925644568,0.0350850775485619,0.1872990353697749,1,10,,2026-05-31T13:03:32.755420+00:00,checkpoints/best_model_20260531_130332.pt,pytorch_birdclef,False,14230,3557,215,128,True,0.2039227934700719,0.2,0.0590995561192137,1011.0,4052.67 seconds,,
20260601_004809,CryCNNClassifierComplex,14230,3557,32,10,2,0.5217225578165506,0.5134093537140068,1.134595522923129,1.1322786302438803,0.0118343195266272,0.0014419610670511,1,10,,2026-06-01T00:48:09.451049+00:00,checkpoints/best_model_20260601_004809.pt,CryCNNClassifierComplex,False,14230,3557,215,128,True,1.1480457173304612,0.05,0.0025706940874035,1024.0,10124.29 seconds,,
20260601_142533,BirdCLEFModel,14230,3557,32,2,2,0.5023332373133664,0.5023332373133664,0.252167244042669,0.252167244042669,0.0139243962371863,0.4044700793078586,1,2,,2026-06-01T14:25:33.732071+00:00,checkpoints/best_model_20260601_142533.pt,BirdCLEFModel,False,14230,3557,215,128,True,0.2686145767402113,0.1,0.0269219694788367,1024.0,1193.97 seconds,,
20260601_150940,CryCNNClassifierComplex,14230,3557,32,2,2,0.5284856449588092,0.5284856449588092,1.1346132116658347,1.1346132116658347,0.0,0.0,1,2,,2026-06-01T15:09:40.045483+00:00,checkpoints/best_model_20260601_150940.pt,CryCNNClassifierComplex,False,14230,3557,215,128,True,1.147879123687744,0.05,0.0,1024.0,1776.17 seconds,,
20260601_154407,BirdCLEFModel,14230,3557,32,2,2,0.5118672783274673,0.5118672783274673,0.2523268372086542,0.2523268372086542,0.0260312374849819,0.0468637346791636,1,2,,2026-06-01T15:44:07.927859+00:00,checkpoints/best_model_20260601_154407.pt,BirdCLEFModel,False,14230,3557,215,128,True,0.2596563553207376,0.15,0.0334706488156539,1024.0,644.19 seconds,,
20260601_155631,BirdCLEFModel,14230,3557,32,2,2,0.4867509552341372,0.4867509552341372,0.2542917651257345,0.2542917651257345,0.0199078644290885,0.0872386445565969,1,2,,2026-06-01T15:56:31.207830+00:00,checkpoints/best_model_20260601_155631.pt,BirdCLEFModel,False,14230,3557,215,128,True,0.2683374601133754,0.15,0.032417950435365,1024.0,758.63 seconds,,
20260601_161536,BirdCLEFModel,14230,3557,32,2,2,0.5109489595201571,0.5109489595201571,0.2522985405687775,0.2522985405687775,0.0298651252408477,0.0447007930785868,1,2,,2026-06-01T16:15:36.176302+00:00,checkpoints/best_model_20260601_161536.pt,BirdCLEFModel,False,14230,3557,215,128,True,0.2596058901106373,0.15,0.0358071036673404,1024.0,1351.84 seconds,1.0,
20260601_161536,BirdCLEFModel,14230,3557,32,2,2,0.5109489595201571,0.5109489595201571,0.2522985405687775,0.2522985405687775,0.0298651252408477,0.0447007930785868,1,2,,2026-06-01T16:15:36.176302+00:00,checkpoints/best_model_20260601_161536.pt,BirdCLEFModel,False,14230,3557,215,128,True,0.2596058901106373,0.15,0.0358071036673404,1024.0,1351.84 seconds,1.0,
20260601_164230,BirdCLEFModel,14230,3557,32,2,2,0.5118672783274673,0.5118672783274673,0.2523268372086542,0.2523268372086542,0.0260312374849819,0.0468637346791636,1,2,,2026-06-01T16:42:30.511079+00:00,checkpoints/best_model_20260601_164230.pt,BirdCLEFModel,False,14230,3557,215,128,True,0.2596563553207376,0.15,0.0334706488156539,1024.0,816.94 seconds,2.0,
20260601_170444,BirdCLEFModel,14230,3557,32,2,2,0.5388213008967355,0.5388213008967355,0.2497478482712592,0.2497478482712592,0.0273449920508744,0.0620043258832011,1,2,,2026-06-01T17:04:44.416358+00:00,checkpoints/best_model_20260601_170444.pt,BirdCLEFModel,False,14230,3557,215,128,True,0.2557984739876865,0.15,0.0379523389232127,1024.0,493.55 seconds,2.0,True
20260601_172539,BirdCLEFModel,14230,3557,32,10,6,0.5620780784320218,0.551941163361112,0.2487425412982702,0.247348896360823,0.0314645308924485,0.0396539293439077,1,10,,2026-06-01T17:25:39.544968+00:00,checkpoints/best_model_20260601_172539.pt,BirdCLEFModel,False,14230,3557,215,128,True,0.2517943351791146,0.2,0.0350877192982456,1024.0,2400.79 seconds,2.0,True
20260601_183021,BirdClefCNNModel,14230,3557,32,10,10,0.5431695956436502,0.5431695956436502,1.0117746048739975,1.0117746048739975,0.0748299319727891,0.0396539293439077,1,10,,2026-06-01T18:30:21.455558+00:00,checkpoints/best_model_20260601_183021.pt,BirdClefCNNModel,False,14230,3557,215,128,True,1.023232303844409,0.2,0.0518378887841658,1024.0,2360.71 seconds,2.0,True
20260601_192647,BirdClefCNNModel,14230,3557,32,15,10,0.5431695956436502,0.5213526349983544,1.0117746048739975,0.9994551752294812,0.0979729729729729,0.0418168709444845,1,15,,2026-06-01T19:26:47.486794+00:00,checkpoints/best_model_20260601_192647.pt,BirdClefCNNModel,False,14230,3557,215,128,True,1.00966487145156,0.2,0.0586154623547246,1024.0,1216.34 seconds,2.0,True
20260601_203809,BirdClefCNNModel,14230,3557,32,10,10,0.7562029567027166,0.7562029567027166,0.1060778212267905,0.1060778212267905,0.1513317191283293,0.0901225666906993,1,10,,2026-06-01T20:38:19.736491+00:00,checkpoints/best_model_20260601_203809.pt,BirdClefCNNModel,False,14230,3557,215,128,True,0.0992173945468463,0.35,0.1129688206055128,1024.0,2413.44 seconds,2.0,True
20260601_212303,BirdCLEFModel,14230,3557,32,10,8,0.6180202728851211,0.6112667221908269,0.0648969282130045,0.0648739682510495,0.0597098214285714,0.0771449170872386,1,10,,2026-06-01T21:23:03.853631+00:00,checkpoints/best_model_20260601_212303.pt,BirdCLEFModel,False,14230,3557,215,128,True,0.0661171834120589,0.4,0.067316766278704,1024.0,714.95 seconds,2.0,True
20260601_230836,BirdClefCNNModel,14230,3557,32,20,20,0.8217367815231574,0.8217367815231574,0.0988532961346209,0.0988532961346209,0.2205663189269746,0.106705118961788,1,20,,2026-06-01T23:08:46.513733+00:00,checkpoints/best_model_20260601_230836.pt,BirdClefCNNModel,False,14230,3557,215,128,True,0.0895248147125324,0.4,0.1438289601554907,1024.0,2532.83 seconds,2.0,True
20260601_235639,BirdClefCNNModel,14230,3557,32,25,25,0.8328056508842264,0.8328056508842264,0.0889734775160572,0.0889734775160572,0.1431911163062536,0.1766402307137707,1,25,,2026-06-01T23:56:49.255349+00:00,checkpoints/best_model_20260601_235639.pt,BirdClefCNNModel,False,14230,3557,215,128,True,0.081554064958283,0.35,0.1581665590703679,1024.0,1308.68 seconds,2.0,True
20260602_220604,BirdClefCNNModel,14230,3557,64,10,7,0.8354382718587904,0.8344354759781742,0.0654654142238584,0.068633671648599,,,1,10,,2026-06-03T12:46:19+00:00,checkpoints/best_model_20260602_220604.pt,BirdClefCNNModel,False,14230,3557,215,128,True,0.0475553509747009,,,,,0.0,True
20260603_163858,BirdClefCNNModel,1000,300,64,3,3,0.5610939537954982,0.5610939537954982,0.6703749597072601,0.6703749597072601,0.013472247170828,0.3937007874015748,1,3,,2026-06-03T16:39:50+00:00,checkpoints/best_model_20260603_163858.pt,BirdClefCNNModel,True,14230,3557,215,128,True,0.7070161122828722,0.2,0.0260529743812418,256.0,,0.0,True
20260603_164448,BirdClefCNNModel,14230,3557,64,2,2,0.5935178632453165,0.5935178632453165,0.1662691569487963,0.1662691569487963,0.0140779290098745,0.1521268925739005,1,2,,2026-06-03T16:53:03+00:00,checkpoints/best_model_20260603_164448.pt,BirdClefCNNModel,False,14230,3557,215,128,True,0.2168533496993005,0.3,0.0257709923664122,1024.0,,0.0,True
20260603_165755,BirdClefCNNModel,14244,3543,64,10,9,0.6888519942485756,0.688835203164388,0.0972614676159407,0.0970059979840048,0.028411083830235,0.063930544593528,1,10,,2026-06-03T18:20:34+00:00,checkpoints/best_model_20260603_165755.pt,BirdClefCNNModel,False,14244,3543,215,128,True,0.0918690233654238,0.35,0.0393394851869839,1024.0,,0.0,True
20260603_185606,BirdClefCNNModel,14244,3543,32,10,10,0.710460152743045,0.710460152743045,0.0824158655496331,0.0824158655496331,0.0175075909296466,0.2138910812943962,1,10,,2026-06-03T20:05:31+00:00,checkpoints/best_model_20260603_185606.pt,BirdClefCNNModel,False,14244,3543,215,128,True,0.081539631357642,0.3,0.0323659381344798,1024.0,,0.0,True
20260603_212458,BirdClefCNNModel,14244,3543,32,5,15,0.6561271234200297,0.6561271234200297,0.1173908374867997,0.1173908374867997,0.0169886742171885,0.2415153906866614,11,15,,2026-06-03T21:46:52+00:00,checkpoints/best_model_20260603_212458.pt,BirdClefCNNModel,False,14244,3543,215,128,True,0.1292691284648639,0.3,0.0317443850822138,1024.0,,0.0,True
20260603_222909,BirdClefCNNModel,14244,3543,32,5,15,0.7794957206308281,0.7794957206308281,0.0754143379897147,0.0754143379897147,0.0573065902578796,0.0789265982636148,11,15,,2026-06-03T22:52:02+00:00,checkpoints/best_model_20260603_222909.pt,BirdClefCNNModel,False,14244,3543,215,128,True,0.0717751328486765,0.35,0.0664010624169986,1024.0,,0.0,True
20260603_225808,BirdClefCNNModel,14244,3543,32,3,17,0.7881007261874425,0.7872555473461743,0.0735306443461963,0.0719642192796543,0.0416004239533651,0.1239147592738753,16,18,,2026-06-03T23:12:55+00:00,checkpoints/best_model_20260603_225808.pt,BirdClefCNNModel,False,14244,3543,215,128,True,0.0704362017724813,0.35,0.0622892283277127,1024.0,,0.0,True
20260603_231706,BirdClefCNNModel,14244,3543,32,3,20,0.7991718106437966,0.7735360087373658,0.0724830680132449,0.0752681310515146,0.044104609929078,0.1570639305445935,19,21,,2026-06-03T23:31:47+00:00,checkpoints/best_model_20260603_231706.pt,BirdClefCNNModel,False,14244,3543,215,128,True,0.069278326244699,0.35,0.0688700467208859,1024.0,,0.0,True
20260603_234124,BirdClefCNNModel,14244,3543,32,3,23,0.8091909447295466,0.8091909447295466,0.06970632787760314,0.06970632787760314,0.04720564297341291,0.13733228097868982,21,23,,2026-06-03T23:55:45+00:00,checkpoints/best_model_20260603_234124.pt,BirdClefCNNModel,False,14244,3543,215,128,True,0.06913253121211657,0.35000000000000003,0.07026044821320412,1024.0,,0.0,True
